<?xml version="1.0" encoding="UTF-8" standalone="yes"?>
<manifest>
  <control namespace="HCW" constructor="BirthdayPicker" version="0.0.1" display-name-key="BirthdayPicker_DisplayName" description-key="BirthdayPicker_Description" control-type="virtual" api-version="1.3.18">
    <external-service-usage enabled="false"/>
    <property name="dateValue" display-name-key="dateValue_DisplayName" description-key="dateValue_Description" of-type="DateAndTime.DateOnly" usage="bound" required="false"/>
    <property name="minYear" display-name-key="minYear_DisplayName" description-key="minYear_Description" of-type="Whole.None" usage="input" required="false" default-value="1901"/>
    <resources>
      <code path="bundle.js" order="1"/>
      <platform-library name="React" version="16.14.0"/>
      <platform-library name="Fluent" version="9.46.2"/>
      <resx path="strings/BirthdayPicker.1033.resx" version="1.0.0"/>
    </resources>
    <feature-usage/>
    <built-by name="pac" version="1.51.1"/>
  </control>
</manifest>